index,from_node,to_node,r,x,s_max
1,4,3,0.125890152,0.127566288,1000
2,4,5,0.071268939,0.111875,1000
3,5,6,0.001425379,0.0022375,1000
4,3,2,0.075534091,0.076539773,1000
5,1,4,0.13125,0.385568182,1000
6,8,12,0.203409091,0.077636364,1000
7,4,9,0.13125,0.385568182,1000
8,9,8,0.075215909,0.077096591,1000
9,9,13,0.065625,0.192784091,1000
10,9,10,0.001511742,0.000845265,1000
11,8,7,0.075522727,0.0765625,1000
12,10,11,0.075587121,0.042263258,1000